library_type,academy,year,season,category,subject,author,dynasty
课题库,求志书院,1876,春,经学,"田获三品解",未知,清
课题库,求志书院,1876,春,经学,"赤刀大训解",未知,清
课题库,求志书院,1876,春,经学,"金罍兕觥解",未知,清
课题库,求志书院,1876,春,经学,"五十不从力征、六十不与服戎解",未知,清
课题库,求志书院,1876,春,经学,"王巡守殷国解",未知,清
课题库,求志书院,1876,春,经学,"《连山》、《归藏》是否夏殷之《易》考",未知,清
课题库,求志书院,1876,春,经学,"荀子引《诗》与《毛传》义合者考",未知,清
课题库,求志书院,1876,春,经学,"《书》六体分正摄说",未知,清
课题库,求志书院,1876,春,经学,"《仪礼》首冠昏与《大宗伯》五礼之次不合说",未知,清
课题库,求志书院,1876,春,史学,"圣人述三史说出《中说》",未知,清
课题库,求志书院,1876,春,史学,"《春秋》以传解经、《史》《汉》以传释纪说出《史通》",未知,清
课题库,求志书院,1876,春,史学,"左氏品藻太史公实录说出《法言》",未知,清
课题库,求志书院,1876,春,史学,"汉儒林不同后世论",未知,清
课题库,求志书院,1876,春,史学,"耶律楚材论",未知,清
课题库,求志书院,1876,春,史学,"《昌黎外集 ·答刘秀才论史书》书后",未知,清
课题库,求志书院,1876,春,史学,"《韩东  集 ·与韩愈论史官书》书后",未知,清
课题库,求志书院,1876,春,史学,"拟陶渊明《读史述九章》。",未知,清
课题库,求志书院,1876,夏,史学,"唐十八学士有专传、有附见他传者详考",未知,清
课题库,求志书院,1876,夏,史学,"宋臣谥文正有因避讳而  改者考",未知,清
课题库,求志书院,1876,夏,史学,"宋制神臂弓、神劲弓、克敌弓考",未知,清
课题库,求志书院,1876,夏,史学,"元制劈正斧考",未知,清
课题库,求志书院,1876,夏,史学,"三史、十史、 十三史、十八史、十九史群考。",未知,清
课题库,求志书院,1876,夏,算学,"舆地之学十题：唐殷周都三河论",未知,清
课题库,求志书院,1876,夏,算学,"《周礼》六官之属职在上地者 有几?试析其同异",未知,清
课题库,求志书院,1876,夏,算学,"职方泽薮川浸辨",未知,清
课题库,求志书院,1876,夏,算学,"《汉书 · 艺文志》分兵家为四 种，推其例于舆地家，当有几种?《水经注》详北略南，世以为憾，独《广阳杂记》韪之，试广其说",未知,清
课题库,求志书院,1876,夏,算学,"书程大昌删润桑郦《济水篇》后",未知,清
课题库,求志书院,1876,夏,算学,"问大江 昔宽今狭于形势孰便",未知,清
课题库,求志书院,1876,夏,算学,"山水乡人性各异说",未知,清
课题库,求志书院,1876,夏,算学,"闽抚移驻台湾议",未知,清
课题库,求志书院,1876,夏,算学,"请治山 东诸河以工代赈议。",未知,清
课题库,求志书院,1876,夏,算学,"比例之法，边与幂不可互求，所可互求则一为超率比例，如句股 容方句股和幂与弦幂比，或弦幂与余句余股和幂比，均方句股和与余 句余股和比",未知,清
课题库,求志书院,1876,夏,算学,"一为寄母之法，如抛物线截径与正弦幂比，若另一截径 与另一正弦幂比，试详其理",未知,清
课题库,求志书院,1876,夏,算学,"方求斜以方边自乘为长方积，倍方边为长阔较，求得长为方斜 和，求得阔为方斜差，以代数或图解明之",未知,清
课题库,求志书院,1876,夏,算学,"今有数，不知几何，但云置原数为平三角之高，求得面积，倍之为 长方积，复取其长阔和为立三角垛之高，求得体积，六之为立方积，则 其长阔高三事和得二十四，试依垛积之理，返求其原数",未知,清
课题库,求志书院,1876,夏,算学,"弦和和乘弦较较，又弦和较乘弦较和，两数相减，四约之开平方， 得句，作图明之",未知,清
课题库,求志书院,1876,夏,算学,"取弦和和自乘数四之一，弦和较自乘数四之三，相并，复以弦乘 弦和较加之，开平方得句股和，以条段之理解之",未知,清
课题库,求志书院,1876,夏,算学,"平三角有底，有两腰，求面积法。以两腰幂相减自之，以底之三  乘方加之，于上副以两腰幂，相加倍之，底幂乘之，复以上减之十六， 约之开平方，得面积，试证之",未知,清
课题库,求志书院,1876,夏,算学,"高股虚句相乘，或明股小差句相乘，任一相乘积与半径自乘比， 若全径取通句比，试明比例之理",未知,清
课题库,求志书院,1876,夏,算学,"半径为连比例一率，三十六度通弦为连比例二率，二率自乘，再 乘一率幂除之得四率，为三十六度之正割半径差，若置二率倍之，则 为三十六度之正割，以理分中末线解之",未知,清
课题库,求志书院,1876,夏,算学,"设有甲乙两数，甲幂内减乙幂，开平方，复加甲为法，乙幂为实 法，除实得数以加法，得倍甲，又甲幂加乙幂开平方，复加甲为法，乙 幂为实法，除实得数以减法亦得倍甲，以代数演之。",未知,清
课题库,求志书院,1876,夏,算学,"祖安徽、马应阶安徽、程世璋吴县、宋庆云华亭、方德华青浦。",未知,清
课题库,求志书院,1876,夏,算学,"平圆内作相交二线，或正交，或斜交，任交何点，令线端均抵圆 界，则分二线为四截，而此线两截相乘必与彼线两截相乘等，作比例 图以明之",未知,清
课题库,求志书院,1876,夏,算学,"今有数为甲，置甲加三，以甲乘之复加三，又以甲乘之复加一，开 立方得数，或置甲加一，以甲乘之，又以甲加一，及甲加二，递乘之，复 以甲加一 自乘之数加之开三乘方，得数，问两开得数，比甲大几何? 以廉隅之理解之",未知,清
课题库,求志书院,1876,夏,算学,"弦与句股和比，若容方边与垂线比，试为图解",未知,清
课题库,求志书院,1876,夏,算学,"句弦和、股弦和相乘为首率，以单一为方边，求得斜，句股相乘， 又以斜乘之为中率，得末率为弦和较之自乘数，试证之",未知,清
课题库,求志书院,1876,夏,算学,"立圆皮积上作诸距等圈，令成相连比例，知立圆径，求诸圈相距 之弧",未知,清
课题库,求志书院,1876,夏,算学,"有大小两弧之两正弦较及两余弦和，有圆径，求两弧正余弦法。 以和幂加较幂为法，和幂乘圆径幂为实，法除实复以和幂减之开平方  得两正弦和，以代数证之",未知,清
课题库,求志书院,1876,夏,算学,"有半径有大小两弧之两切较及两割和，或有两切和及两割较，求 两弧割切",未知,清
课题库,求志书院,1876,夏,算学,"椭圆内容正方形，令方面与长短径平行，法以长短径相乘为实， 以长短径名自乘相加开平方为法，法除实得方面，试言其理",未知,清
课题库,求志书院,1876,夏,算学,"半椭圆内容正方形，令方面与短径相切，法以长短径相乘为实， 长径幂加四段短径幂开平方为法，法除实得方面，试申其理。",未知,清
课题库,求志书院,1878,春,经学,"笑字形声考。",未知,清
课题库,求志书院,1878,春,掌故,"句股容圆，自圆心至三角各作分角线，以句弦较与弦，或股弦较 与弦，或句弦较与股弦较，各为首末率，则分角线各为中率，以代数 证之",未知,清
课题库,求志书院,1878,春,掌故,"自股旁角作分角线至句，自之，股幂减之开平方得小差股，自句  旁角作分角线至股，自之，句幂减之开平方得大差句，以海镜图证之",未知,清
课题库,求志书院,1878,春,掌故,"边股、底句、明股、重句四数连乘，开三乘方得半城径，试证之",未知,清
课题库,求志书院,1878,春,掌故,"平三角以三边两两相加为和，相减为较，有两角，有两边和，或两 边较，求三边",未知,清
课题库,求志书院,1878,春,掌故,"又有一角，有两和，或两较，或一和一较，求三边，各为 术解",未知,清
课题库,求志书院,1878,春,掌故,"两边夹一角，法以半径为一率，夹角余弦倍之为二率，小边为三 率，得四率，与大边相减，复以大边乘之，用以加减小边之自乘数，开 平方得对角之边，试演细草",未知,清
课题库,求志书院,1878,春,掌故,"任取两弧弦割相比，则此弧余割与彼弧余割比，若彼弧正弦与此 弧正弦比，以代数或作图明之",未知,清
课题库,求志书院,1878,春,掌故,"有大弧正余弦，有小弧正弦，求大小相减之较弧通弦，试为术解",未知,清
课题库,求志书院,1878,春,掌故,"半径自乘为长方积，全径为长阔较，开平方得阔为二十二度半正 切，试溯其理",未知,清
课题库,求志书院,1878,春,掌故,"有同弦之两句股形，知两句，知两股和，法以两句幂相减自之和 幂除之得两股，较之自乘数加相幂四约之于上，复以两句幂相加半 之，加人上位，开平方得弦，试详其理及求两股之法",未知,清
课题库,求志书院,1878,春,掌故,"句股内容长方，令长方形之阔得长甲之乙，其甲乙为任何数，有 句股，求长阔，问以何法御之",未知,清
课题库,求志书院,1878,春,掌故,"〇舆地之学十题：历代疆域广狭论",未知,清
课题库,求志书院,1878,春,掌故,"三江诸说异同表",未知,清
课题库,求志书院,1878,春,掌故,"职方九州  岛谷宜有三种、四种、五种者，杨荆独少，何欤?古汝河迁徙沿革考",未知,清
课题库,求志书院,1878,春,掌故,"粤江诸源考",未知,清
课题库,求志书院,1878,春,掌故,"平西域善后事宜策",未知,清
课题库,求志书院,1878,春,掌故,"问近时西人有谓土路火车 可代河运者，其说何如?俄土战和议",未知,清
课题库,求志书院,1878,春,掌故,"黑海形势关系大局论。",未知,清
课题库,求志书院,1879,春,算学,"有大小不等三圆，平置直线上，知左右两圆与直线相切之两点 距，知任二圆径，求余一圆径",未知,清
课题库,求志书院,1879,春,算学,"有大小两号正切，求和弧正切，法以两切相乘，半径除之，用减半 径为法，半径乘两切和为实，法除实得和弧正切，作图明之",未知,清
课题库,求志书院,1879,春,算学,"圆内容十四等边，半径为连比例一率，边为连比例二率，则一率 等于二、三率之和，加二四率之较，试读以图。",未知,清
课题库,求志书院,1879,春,算学,"〇舆地题：唐叔封河汾之东考",未知,清
课题库,求志书院,1879,春,算学,"褒斜古通辨",未知,清
课题库,求志书院,1879,春,算学,"楚郢四迁论",未知,清
课题库,求志书院,1879,春,算学,"北宋不 规燕蓟论。",未知,清
课题库,求志书院,1879,夏,算学,"三角形自两腰交角至底作二分积线，分全面积为三等分，有三 边，求分积线",未知,清
课题库,求志书院,1879,夏,算学,"法以左腰幂与两段右腰幂相加于上，以右腰幂与两段 左腰幂相加于下，上下各减去底幂三之二，复三约之，各开平方，一得 右分积线，一得左分积线，试证之",未知,清
课题库,求志书院,1879,夏,算学,"有两力斜抵一物，知两力，知两力方向，求并力",未知,清
课题库,求志书院,1879,夏,算学,"若力向所交之角 为锐角，则以此力乘角之倍余弦，半径除之，以加彼力，复以彼力乘 之，用加此力之自乘数，开平方得并力，试言其理，且推广御钝角 之法",未知,清
课题库,求志书院,1879,夏,算学,"乘为长方积，以重句除吏股幂倍之为长阔较，各开平方得长，均为半 城径，准此理可作月心及山心线，月心南角等于诸形之半句弦交角， 山心川角等于诸形之半股弦交角，作图明之",未知,清
课题库,求志书院,1879,夏,算学,"有甲乙两球相切，并切平面上，欲于两球间容小球，令与两球及 平面均相切，知甲乙两球径，求小球径。",未知,清
课题库,求志书院,1879,秋,算学,"测圆海镜图，虚股为小差句弦较，虚句为大差股弦较，故虚股与 明句比，若小差形与平形比，即弦较较与句比，虚句与重股比，若大差 形与高形比，即弦较和与股比，试证其理",未知,清
课题库,求志书院,1879,秋,算学,"圆球积，自顶点过球心至底点凿一圆孔，令通，又令凿去之积得 球积二之一，有球径，求孔径",未知,清
课题库,求志书院,1879,秋,算学,"是题曩见新译《格致汇编》中，继思此 题，若以天元御之，即凿积得球积甲之乙，其孔径亦无不可求，试以元 演其开方式",未知,清
课题库,求志书院,1879,秋,算学,"K 三角面积，自顶至底作分积线，任分全积为二，命大分为全积甲 之乙，小分为全积甲之丙，有二边，求左乙、右丙，或右乙、左丙之各分 积线。",未知,清
课题库,求志书院,1879,秋,算学,"项梅侣氏句股边角相求，有术无解，姑取数题言之",未知,清
课题库,求志书院,1879,秋,算学,"有弦，有句股 较或和，求两角，法以弦与较或和比，若半直角正弦与半较角正弦或 余弦比",未知,清
课题库,求志书院,1879,秋,算学,"有句，有股弦较或和，求两角，法以句与较或和比，若半径与 股旁半角正切或与切比，盍即此四题而一一证之",未知,清
课题库,求志书院,1879,秋,算学,"设有甲乙二钟，甲钟能容酒或水九两，乙钟能容酒或水七两，酒 重水轻，姑不深计，若取甲钟注酒七两，乙钟注水五两，乃以甲钟倾人 乙钟令满，复以乙钟倾入甲钟令满，此后乙倾甲、甲倾乙如是迭倾，求 各钟内酒水各几何?能求得公式最善否?则姑即四倾演之",未知,清
课题库,求志书院,1879,秋,算学,"设有卯加一个大锤与二小锤，共系于杆之左端，又一大锤系于右 端，取杆之定点悬之，杆适平，复以卯减一个小锤与二大锤增系于左 端，一小锤增系于右端，而杆亦平，有大锤，求小锤，或有小锤，求 大锤。",未知,清
课题库,求志书院,1880,春,算学,"有大小两弧之正余弦，求半较弧正弦，法以两弧之正弦相减，以  大弧倍正弦乘之于上，又以两弧之余弦相减，以大弧之倍余弦乘之， 以减上位，开平方半之，即得，试证之",未知,清
课题库,求志书院,1880,春,算学,"圆内容四小圆，法以大圆经幂倍之开平方，如大圆径为法，大圆 径自之为实，法除实得小圆径，试解其理",未知,清
课题库,求志书院,1880,春,算学,"圆内容五等边，有圆半径，求边，法以半径之三乘方五之为实，从 空半径自之，五之为负上廉，下廉空一正隅，开玲珑三乘方，即得，试 演细草",未知,清
课题库,求志书院,1880,春,算学,"假如以正切级数为一率，半径为二率，正割级数为三率，求得四 率为余割级数，试演二、三率相乘一率除之之法。至正切、正割之级 数式，代数及徐戴诸书具有，兹不赘述。",未知,清
课题库,求志书院,1880,夏,史学,"O 掌故题：博学鸿词科考",未知,清
课题库,求志书院,1880,夏,史学,"《吕氏乡约四条》书后",未知,清
课题库,求志书院,1880,夏,史学,"安插山居棚民 策",未知,清
课题库,求志书院,1880,夏,史学,"修造桥梁法。",未知,清
课题库,求志书院,1880,夏,算学,"弦和和、弦较较、弦和、弦较，任以两数相乘，所得之数，其公理皆 为大数幂内减去小数幂，试证之",未知,清
课题库,求志书院,1880,夏,算学,"以句弦和或较开平方，等于半股弦和之方根加半股弦较之方根， 或减去半股弦较之方根，以代数演之",未知,清
课题库,求志书院,1880,夏,算学,"设如两数相乘等于两数之幂，相减则两数为首中率，而两数之较 为末率，试会其理",未知,清
课题库,求志书院,1880,夏,算学,"有三十度正切，求半弧正切法，正切半径和为一率，正切为二率， 余切半径较为三率，得四率为十五度正切，试为图解",未知,清
课题库,求志书院,1880,秋,算学,"凡有两数相减，皆可变为两数相乘。法以两数之平方根相加减， 而以加减所得之两数相乘即得，试言其理",未知,清
课题库,求志书院,1880,秋,算学,"问明句与虚股，或重股与虚句，孰大?试论其大小之限",未知,清
课题库,求志书院,1880,秋,算学,"取正切级数自乘，以半径自乘加之，乃以加得之级数开平方得正 割级数，试演细草。",未知,清
课题库,求志书院,1880,冬,算学,"正负诸乘方，自隅至实任取一数递乘之，或自实至隅任取一数递 除之，则开得方根为任取数乘原根之数，若易乘为除，易除为乘，则开 得方根为任取数除原根之数，试言其理",未知,清
课题库,求志书院,1880,冬,算学,"半径正弦相乘，以加减半径幂各开平方，副以两方根相加半之， 得半弧余弦，试证之",未知,清
课题库,求志书院,1880,冬,算学,"前题开得之两方根，若相减半之，得半弧正弦",未知,清
课题库,求志书院,1880,冬,算学,"方箭束与三棱箭束，法以内周八与九各加外周，复各以外周乘 之，一十六除之一十八除之，各加中心一，得积，其积有中心与无中 心，俱用此法，试分别解之",未知,清
课题库,求志书院,1880,冬,算学,"正负诸乘方，逐层间之以圈，作玲珑方，则开得数为元数之平方 根，若将玲珑方汰去其圈，则开得数为元数之平方积，试言其理",未知,清
课题库,求志书院,1880,冬,算学,"三角面积，上作与底平行诸线，截全积为诸等分，则自顶至底诸 并行线比，若一二三四之诸平方根比诸截高或诸截斜之比，若一二三 四诸平方根之较比，试证之",未知,清
课题库,求志书院,1880,冬,算学,"有大小两弧正切，求较弧正切，法以大小两切相乘，半径除之以 加半径为法，半径乘两切较为实，法除实即得，作图明之",未知,清
课题库,求志书院,1880,夏,算学,"原砣与他砣之比例",未知,清
课题库,求志书院,1880,夏,算学,"又假如物重一斤，取他砣一两五钱者，置十二两 而衡平，则可求原砣之重",未知,清
课题库,求志书院,1880,夏,算学,"有夷股夷弦，法以股弦和乘股幕，股弦较除之，开平方得半城径",未知,清
课题库,求志书院,1880,夏,算学,"有本弧正切，求半弧正切，法以半径幕为长方积，倍余切为长阔较，开 平方得阔为半弧正切。",未知,清
课题库,求志书院,1880,秋,算学,"句股形求二角，法以倍股或倍句为一率，句股幂相减，以句或股 除之为二率，半径为三率，得四率为二角之较弧正切",未知,清
课题库,求志书院,1880,秋,算学,"前题较弧正切 倍之，即句旁角股、旁角两正切之较，试证之",未知,清
课题库,求志书院,1880,秋,算学,"设如句股形有股，只云句弦相乘等于句弦和，如立天元，求句或 求弦，均须求得三乘方式，试演细草",未知,清
课题库,求志书院,1880,秋,算学,"设如两数相乘等于两数相加，欲觅此两数，每亟不可得，今立通  法以求之。取二或五之诸乘方积，或以积之首数降至单位，又或取二  之诸乘方积与五之诸乘方积相乘，或相除，任用一数为法，单一为实， 法除实得数，乃以法与除相数各加单一，以两加得数相乘，必等于相  加矣，试言其理。",未知,清
课题库,求志书院,1882,春,算学,"倍明股弦和为大差弦较和，城径为大差弦较较，又为小差弦较 和，倍夷句弦和为小差弦较较，凡此等，识别不必以比例相证，亦不必 于图中增绘他线，但就图中原线移易位置，则其理自得",未知,清
课题库,求志书院,1882,春,算学,"欲令甲乙两数相乘等于相加或相减，法取便，为除法之数加一， 或内减一为甲，则以一减甲或加甲以除甲均得乙",未知,清
课题库,求志书院,1882,春,算学,"又相乘等于相加  者，乙愈大至近于二，则甲愈小至近于二，乙愈小至近于一，则甲愈大  至无穷，相乘等于相减者，乙愈大至近于一，则甲愈大至无穷，乙愈小  于二之一，则甲愈小于一至渐近于乙，试言其理",未知,清
课题库,求志书院,1882,春,算学,"又欲令甲乙相乘等于相加或相减，可任取一数为股，以半股幂为 弦，或为句，各依句股术求得句弦和即甲，句弦较即乙，又法任取一数 为首率，首率内减四或加四为末率，各求得中率，乃各以首中率相加 减半之，即各得甲与乙",未知,清
课题库,求志书院,1882,春,算学,"假如开方式第一项为负数，余诸项为正数，若将第一项负变为 正，而变式适为某数之任乘方，则原式中天之同数易知。如有式八为 负实，十二正方六正廉一正隅，由此式可知天加二之立方积等于十 六，而天之略数必为二五一九八与二之较，试证之。",未知,清
课题库,求志书院,1882,春,舆地,"拟储大文《原势》",未知,清
课题库,求志书院,1882,春,舆地,"书孙文定公《南游记》后。",未知,清
课题库,求志书院,1882,春,算学,"设有句股形，以股为三角形之底，于股之任点作正较线，令与句 等，为三角形之中垂线，因作两腰，可得不同式之诸三角形，诸形内各 容平方，令方边均与底切，则诸方边必与原句股所容之方边等，试 证之",未知,清
课题库,求志书院,1882,春,算学,"设有八十之平方根内减八为法， 一为实，又有四为法，五之平方 根加二为实，各以法除实，所得必等，以代数式证之",未知,清
课题库,求志书院,1882,春,算学,"有本弧正切，求与四十五度之较弧正切，法以正切半径相乘以减  半径幂为实，正切半径相加为法，法除实得较弧正切。设有甲，与甲 除一相加，命为卯，以卯自乘再乘为负实卯，自乘以乘三天为正上廉， 天自乘以乘三卯为负下廉，天自乘再乘为正隅，此立方式可化之得  卯，自乘为一项，卯乘天为二项，天自乘为三项，三项之和必等于三个  天卯相乘，若巳知三项之和等于三，则天之同数易知，而甲之同数亦 可由卯得之。",未知,清
课题库,求志书院,1882,春,经学,"O  史学题：西汉谛裕论",未知,清
课题库,求志书院,1882,春,经学,"明代食兵二政考",未知,清
课题库,求志书院,1882,春,经学,"许叔重年表",未知,清
课题库,求志书院,1882,春,经学,"鲁申公授 受源流说。",未知,清
课题库,求志书院,1882,春,算学,"三角形迭以一边为底，余两边为两腰，各容平方，令与底相切，试 取所容之三方边比例",未知,清
课题库,求志书院,1882,春,算学,"其大小两弧正弦相加自之于上，两弦余弦相减自之于下，上下相 并，全径除之以减半径，得和弧余弦，试为图解",未知,清
课题库,求志书院,1882,春,算学,"有明句，有明弦，法以句弦相减为一率，相加为二率，句自之为三 率，求得四率，开平方得半城径，试证之",未知,清
课题库,求志书院,1882,春,算学,"假如十一之平方根减三为法，六为实，法除实所得之代数式等于 甲个十一之平方根加乙之数，其甲乙俱为整数，问甲乙二数。",未知,清
课题库,求志书院,1882,冬,算学,"之卯，求两截积之长。法以长自之两阔和乘之两阔较除之，又以卯乘 之寅除之为长方积，长乘大阔倍之为长阔和，开平方得阔，为截去梯 积之长，若置前长方积寅减卯乘之卯除之为长方积，长乘小阔倍之为 长阔较，开平方得阔，为所余梯积之长，试证之",未知,清
课题库,求志书院,1882,冬,算学,"原有梯田积，欲分为三段，令三截积俱为同式形，有长有上下阔， 求两截阔与三截长",未知,清
课题库,求志书院,1882,冬,算学,"有边股底句，法以句股相乘为长方积，句股相加为长阔较，开平 方得阔，为半城径，试证比例之理",未知,清
课题库,求志书院,1882,冬,算学,"设有句股形，令句渐大股渐小，或句渐小股渐大，复令句股相乘 积仍等于原积，问句股加减之较与原句股及加减后之句股诸比例之 理",未知,清
课题库,求志书院,1882,冬,算学,"又或句所加减等于股所减加，问直积极太极小之限",未知,清
课题库,求志书院,1883,春,算学,"假如甲乙二数各自乘相加，又以甲乙相乘加之，欲将此加得之数 开平方得整数，问取甲乙二数之法",未知,清
课题库,求志书院,1883,春,算学,"圆球体任截去甲积，有球径，求截面心距球心线，法以球半径自 乘，再乘倍之于上，置甲积三之，以径一之周率三一四除之，用减上 位，为正实，若上位数小则反减为负实，置半径自乘三之为负，从廉空 一正隅开立方得所求。",未知,清
课题库,求志书院,1883,夏,算学,"句股形有可化作另形之句股，令两形之句弦和与弦和较俱同，而 句股弦不同，法视句股较小于股弦较者，则以两较相减半之为差，以 差减句为句，以差加弦为弦，以倍差加股为股，又法以弦较较为另形 之股，以半句弦较为另形之股弦较，依句股术求得句弦，亦得",未知,清
课题库,求志书院,1883,夏,算学,"若句股较大于股弦较，而不大于三倍股弦较者，则仍以两较相减 半之为差，以差加句为句，以差减弦为弦，以倍差减股为股，或用又 法，仍以弦较较为另形之股，以半句弦较为另形之股弦较，亦得",未知,清
课题库,求志书院,1883,春,算学,"倍股弦和内减句弦和为甲，倍句为乙，又内句弦较内减股弦和，或八 股弦较内减句弦和，或四句弦较内减句弦和各为甲，各以四弦和较为 乙，所取句股形，其股弦较大于半弦和较者，用第四术小于半弦和较 者，用第五术至一二三术则施之任何句股形皆可，试证其理",未知,清
课题库,求志书院,1883,春,算学,"假如甲乙各自乘相加，又以卯个甲乙相乘加之，或减之，其卯大 于二或小于二，欲将此四减所得之数开平方得整数，试求公式",未知,清
课题库,求志书院,1883,春,算学,"设如句股容方形，由正方化作递大递小诸长方及诸扁方，求诸方 最大之限，并论限前限后渐次化作递小诸积之理。",未知,清
课题库,求志书院,1884,春,算学,"假如行道逐日依连比例递增，但知初日行甲里，末日行癸里，求 末日以前之任 一 日所行几何?须以径求得之",未知,清
课题库,求志书院,1884,春,算学,"有句有股，求中容方面，法以句股和为首率，句股较为中率，求得 末率与首率相减四约之得方面，试证其理",未知,清
课题库,求志书院,1884,夏,算学,"又法任取整数句股形，以二句弦较加倍股为甲，句弦和加倍股为  乙，或句弦较内减倍股弦较为甲，倍句为乙，又句弦较内减八股弦较， 或股弦和内减四股弦较各为甲，各以四弦较较为乙，此类亦有多题， 能更举否?又法任取大小两数，以二数之畀相减为甲，二数相乘积倍  之加小数畀为乙",未知,清
课题库,求志书院,1884,夏,算学,"有大差句股或小差句股，以句股相乘积倍之为长方积，倍句股较 为长阔较，在大差则开平方得阔为城径，小差则得长为城径，试各 证之。",未知,清
课题库,求志书院,1884,秋,算学,"凡甲乙二羿相加，又以卯个甲乙相乘加之，开平方得甲丙和，此 甲乙丙三数有时但知其一，便可求得余二数，如乙为三，则易知丙为 卯加一，甲为乙丙和，乙为五，丙为二卯加一，甲为乙丙和之二倍，乙 为七，丙为三卯加一，甲为乙丙和之三倍，推之，乙为九，丙为四卯加 一，甲为乙丙和之四倍，顺是以下皆然，试言其理",未知,清
课题库,求志书院,1884,秋,算学,"海镜中股弦较与倍句弦和比，若明弦较和算与城径舁比，句弦较 与倍股弦和比，若明弦较较舁与城径舁比，试证之。",未知,清
课题库,求志书院,1884,冬,词章,"O 经学题：言乃欢解",未知,清
课题库,求志书院,1884,冬,词章,"哀窈窕解",未知,清
课题库,求志书院,1884,冬,词章,"活裘长解",未知,清
课题库,求志书院,1884,冬,词章,"发中权解。",未知,清
课题库,求志书院,1884,冬,掌故,"假如圆球体中穿圆孔，令通，并令穿去之积，得球积之半，有球 径，求孔径。法以球径之五乘方积三因四而一为正实纵空，以球径之 三乘方积三之为一廉负二廉空，以球径之平方积三之为三廉正四廉 空一负隅，开玲珑五乘方得孔径，试证之",未知,清
课题库,求志书院,1884,冬,掌故,"有边句、边股，法以股自之为长方积，句除股舁倍之为长阔较，有 底句、底股，法以句自之为长方积，股除句舁倍之为长阔较，均开平方 得阔为半城径，作图明之",未知,清
课题库,求志书院,1884,冬,掌故,"以句股为正余弦，内容垂线，则句与倍垂线比，若正弦与倍弧正 弦比，又弦与句股和比，若句股较与信弧余弦比，试为图解",未知,清
课题库,求志书院,1884,冬,掌故,"欲将四角立垛积增作峰岚形，令一层为一个一之平方，二层为二 个二之平方，三层为三个三之平方，余类推，别得此形内有六个三角 三乘积，一个以层数为层数，四个以层数减一为层数，一个以层数减 二为层数，各依三角三乘垛求积术，求得各积相并即全积，惟求此积 尝另思得简法，以层数之三乘方积加两个层数之立方积，复加层数之 平方积，四约之即得，试证殊途同归之理。",未知,清
课题库,求志书院,1885,春,算学,"原有甲乙丙同根之诸正负开方式，或同乘数，或不同乘数，取甲 式任升降数位与甲乙内诸式相加，或相减，复将加减所得之式，任升 降数位，仍与诸原式相加减，如是屡次加减所得之式，必仍开得原根， 试言其理",未知,清
课题库,求志书院,1885,春,算学,"正负平方式，无论隅为何数，将式倒置之，令实为隅，隅为实，则 开得之根与原根比，若隅与实比",未知,清
课题库,求志书院,1885,春,算学,"正负立方式，设下廉为三，卯上廉为 卯乘下廉之数，或三乘方式，下廉为四，卯上廉为卯乘下廉三因二除 之数，从为卯乘上廉二因三除之数，自一隅至从，或俱正、或正负相 间，法以实反其正负与卯之方，或三乘方积相加，复开正立方，或正三 乘方与卯相加减，即各得原根三乘，以上类推，试证之",未知,清
课题库,求志书院,1885,秋,掌故,"假如有连比例级数，每前级与后级比，若卯与寅比，设寅小于卯， 又其级为无穷项，则可任求至数级，或仅置第一级而止，此后可用一  数以括下诸级之和，法置所止之级，以寅乘之卯减寅除之，即为下诸  级之括数，此数略偏于大胆，所大甚微，在无穷项之尾位，可以不计， 故括数即为密合之数，试证其理",未知,清
课题库,求志书院,1885,秋,掌故,"之平方二十一之为四廉负五廉空一正隅，开玲珑一乘方得余弦，以天 元演之",未知,清
课题库,求志书院,1885,秋,掌故,"平方积内有二个三角平垛， 一同高， 一以高减一为高，立方内有 六个三角立垛， 一同高，四以高减一为高， 一以高减二为高，三乘方内 有二十四个三角三乘垛， 一同高，十一以高减一为高，十一以高减二 为高，一以高减三为高，推之，四乘方内必有百二十个三角四乘垛，其 垛之高必有五种总之积，增一乘，其高必增一种，而其个数必视前多 一乘数，乘数即二三四等递加之数，试证之。",未知,清
课题库,求志书院,1885,冬,算学,"二项例可增化得三式，并原式，共成四式，皆可名为二项例，若不 善化，即将原式代作开平立方，及自再乘至平立方各样式，亦可，原式 诸级皆系径求，若由前级以求后级，更觉省事，故可将原式化作递求 之式，然后代作各式，尤见次序井然",未知,清
课题库,求志书院,1885,冬,算学,"三角平垛倒置之，与他垛逐层相乘，所得为他垛之增一乘积，在 玉鉴为撒星形，三角或四角立垛倒置之，与他垛逐层相乘，皆为他垛 之增二乘积，但四角乘得者，内函二积，绘图明之",未知,清
课题库,求志书院,1885,冬,算学,"以重句股和减底句股和为，甲或束句明股相加内减虚弦为甲，各 以平句高股相减为乙，则甲乙二舁相减倍甲除之，均得城径，试言 其理。",未知,清
课题库,求志书院,1886,春,算学,"直剖四角立垛为诸行，右行为一二三四诸数，左为二三四，又左 为三四，余类推，以此诸项为乘法，或自右而左，或自左而右，与他垛 逐层相乘，自上而下所得皆为他垛增二乘积，惟此二积内，所函之三 角同乘积，一为寅个，一为卯个，如与三角平垛相乘，则一为三个，一 为五个，三个者一同高，二以高减一为高，五个者一同高，二以减一为 高，一以减二为高，作图证之",未知,清
课题库,求志书院,1886,春,算学,"用前题乘法，与三角立垛相乘，作图 证之",未知,清
课题库,求志书院,1886,春,算学,"二项例可代作开无量数乘方，或乘至无量数乘方，其方之指数虽 不可知，然其指数极大，则减一二三四诸数可以不计，故每级乘除之 数，可准此理得之，试演其式。",未知,清
课题库,求志书院,1886,秋,掌故,"设有天乘方，积十位尾位为单数，方根亦十位，首位为单数，求天  之同数，必藉两数之对数为用，但多位真数无表可检，即变通用之，亦  祗得其略数，故必用级数，径求对数，方为密合，凡多位真数求对数， 及对数求多位真数，其中均有便宜之法，得其法，方易从事，试详  言之",未知,清
课题库,求志书院,1886,秋,掌故,"平圆自圆外任取一点，作诸割线，令抵圆内彼界，若诸割线依次 成连比例率，则圆外诸余线亦必成连比例率，而与诸割线相反，如第 一割线与第四割线之比，若圆外第六余线与第三余线之比，或第五余 线与第二余线之比是也，试言其理",未知,清
课题库,求志书院,1886,秋,掌故,"递增一乘高递减一之三角诸乘垛积，至高减尽而止，依次排列诸 积，首位定为单一，次位为垛积之高，顺是以下，其中位两边之距必等 二项例之指数，若为整数，亦同此理，如指数为偶，则指数加一折半之 级必为中位，指数为奇则指数加一折半之位，在两级夹缝，此位必为 中位，知中位则中位以下诸级可不必求，法将以上诸级逆溯代之，但 每下一级多一次甲除天之乘法耳，开方廉隅表亦然，试言距等之理",未知,清
课题库,求志书院,1886,秋,掌故,"假如甲乙丙丁诸物共有卯个，欲将诸物以一二三四诸数排列之， 使不同色，则一个一排者必有卯色，卯个一排者祗有一色，自一个一 排至二个一排，及三个一排，顺是以往，各色之数必不相同，求此各 数，可以三角诸乘之，试以少数代其卯而详证之。",未知,清
课题库,求志书院,1886,冬,词章,"二○经学题：同人曰解",未知,清
课题库,求志书院,1886,冬,词章,"《曲礼》曰解",未知,清
课题库,求志书院,1886,冬,词章,"放勋曰解",未知,清
课题库,求志书院,1886,冬,词章,"且谚曰解。",未知,清
课题库,求志书院,1886,冬,算学,"设有数始于一，继以卯，继以卯之三角平垛及立垛，以及诸乘垛 积，合之为同高三角诸乘垛之和，欲求此和数。法命底层积之指数为 寅，以寅加一为高，以卯为积之指数，依指数求其三角垛积，即得，若 有数始于一，继以卯为高，继以高递减一之三角诸乘垛之和，至高减 尽而止，法以二屡自再乘至卯方即得，试证之",未知,清
课题库,求志书院,1886,冬,算学,"原有正负立方式，欲求第三项为空，法以地加卯代其原式中之 天，得地元式，以地元式第二项之数自乘，以三因第三项之数减之，开 平方，得或正或负之数，各以原式第二项之数反其号以加之，复三约 之，副以此两数，各代地元式中之卯，则得两个地元立方式，俱空第三 项，试演其法",未知,清
课题库,求志书院,1886,冬,算学,"必先求上下面积，可以字代之，知后必消去故也，且不必定用截积与 虚积为一二率，可用其同比例者为之，试演细草",未知,清
课题库,求志书院,1887,夏,算学,"合西明股之平方根与茧股之平方根相加为和，有和，有虚股，求城径， 法先求得两根较，次以二根和较求得二根，复求得二股，有明東虚各 股，则一次比例可以得城径，试演其法",未知,清
课题库,求志书院,1887,夏,算学,"设欲求三个正负方根，作三项为空之立方式，法以圆半径与圆内 所容之十等边为首中率，求得末率，以此三率为三根，命首中率为负 根、或正根，则末率为正根或负根，又法任取大小两根相乘，以两根较  除之得又一根，命除得数与大根同号，小根异号，用上二法求得三根， 各反其根号，以加天元连乘，得式必空第三项，试言其理。",未知,清
课题库,求志书院,1887,秋,算学,"有明弦、東弦，求城径，以天元运求得开方式为贵，若先求虚弦， 复由虚弦转求者次之",未知,清
课题库,求志书院,1887,秋,算学,"前季求垛积，第二层数为全积之指数，命为卯，以底层指数寅加 一为高，依指数卯求其三角垛积即得，后阅课卷，顿悟一法，与此似异 而实同，其法以全积指数卯加一为高，依底层指数寅求其三角垛积亦 得，问二法殊途同归之理",未知,清
课题库,求志书院,1887,秋,算学,"今有五之平方根加二为法，减三为实，法除实开三乘方等于五之 平方根，加一为法，二为实，又有八之平方根三约之以加一为法，减一 为实，法除实开三乘方等于二之平方根，加一为法，一为实，试证之。",未知,清
课题库,求志书院,1887,冬,算学,"平圆半周任分为大小不等三弧，已知三弧之通弦为甲乙丙，求圆 半径，法以甲乙丙连乘四约之为负实，以甲乙丙各自乘相加四约之为 负上廉下廉空一正隅，开立方得所求，试证之",未知,清
课题库,求志书院,1887,冬,算学,"积内函三角平垛，以三角平垛每层为乘法顺乘他垛，得他垛之峰岚 形，知峰岚形即知增一乘积之倍数，故可演得倍银数，得十四两七钱 为负实， 一为负上廉，十七为正下廉四正隅，开立方得日数，试为 细草",未知,清
课题库,求志书院,1887,冬,算学,"今有人募佣，初日用五人，次日以下递加二人，初日每人给银二 钱五分，次日以下每人递减三分，共给银九两四钱五分，乃命二减五 为甲，二十五为乙，则法以倍银数为负实，甲乙相乘倍之加三甲二乙 复加四为正上廉，二乙内减三甲为正下廉四负隅，开立方得日数，试 为细草。",未知,清
课题库,求志书院,1888,春,算学,"取象限弧任分为四命四弧，正弦为甲乙丙丁，又命半径为一，乃 任取甲乙二正弦，各求得余弦，次以甲乘乙余弦，乙乘甲余弦，相加命 戊为则丙丁戊三数连乘倍之复以三数各自加乘之，必等于一，试 证之",未知,清
课题库,求志书院,1888,春,算学,"有高句股和即合股，或平句股和即合句，有平句股较，即断句或  高句股较，即断股法，以二数相乘，各为长方积，以二数相减，为长阔  和，或相加为长阔较，各开平方得长为合句或合股，阔为断股或断句， 又二数相乘倍之，各为长方积，二数相加为长阔和或相成为长阔较， 各开平方得长，均为城径，盖断合二股相减，二句相加，俱为城径，知  此剔诸术易解，以图证之",未知,清
课题库,求志书院,1888,春,算学,"以三角立垛，一层一、二层三、三层六，逐层为乘法，自上而下，与 三角平垛相乘得三个三乘积，与本形自乘得六个四乘积，若除去一二 三诸层不用，以截积诸层与平立垛相乘，所得之增二乘积仍为三个及 六个，惟高与正负之数各不相同，试详言之",未知,清
课题库,求志书院,1888,夏,经学,"〇史学题：问《汉书 ·地理志》郡国下盐官、职官、工官、服官、木 官、陂官、湖官、均输官、家马官、牧师官、发弩官、圃羞官等名，《百官 表》漏略不载者甚多，能考其说欤?高帝求贤诏遣诣丞相府署行义 年，何者谓仁?何者谓义?万室之邑必自万钟之藏藏襁千万、千室之 邑必有千钟之藏藏襁百万论",未知,清
课题库,求志书院,1888,夏,经学,"汉郡中称将论。",未知,清
课题库,求志书院,1888,夏,算学,"海镜中通虚大小差高平黄极边惠底明各句股和与各句股较及高 平二句股和之和，较二句股之和与较，诸事中任知二和或二较，求半 城径，法虽各异，如展转相求，其末俱不出合断二形之公法，问各和较 与合断二形何关?并问二公法比例之意何?凡句股和较，视股弦及 句弦和较之理较为深，遂故海镜中以合断诸题为尤，虽学者务宜 留 意 。",未知,清
课题库,求志书院,1888,夏,算学,"假如买麦为粮，所余皮糠倾麦价十一分之二，依此价值，向麦主 易麦，又余皮糠，仍易如是，屡易全尽而止，今但知原麦八十斤，问依 屡易之法增麦，或共得麦各几何?又但知原有并屡易数共得百劬，问 原有麦或初次易得之麦各几何?须各依巡求法得其密数",未知,清
课题库,求志书院,1888,夏,算学,"米十六石三斗八升，试以兵数、米数，各求得日数开方式，则得兵数。 为四角立垛截积，命截积上面为甲，截去之虚积底而为乙，则截积丙  为甲倍同高之三角立垛内少甲加乙减二为倍数之高减一之积复多乙  倍高减二之积，知此复知三角立垛倒乘所得，方易从事",未知,清
课题库,求志书院,1888,秋,算学,"欲作句股形，令句股较等于黄方。法任取一数为股弦较，以三之  平方根加一乘之，或二因较以三之平方根减一除之，均得句股较，以 二较屡加得句股弦。又法任取一数为句，倍之为弦，依法求得股， 亦合",未知,清
课题库,求志书院,1888,秋,算学,"如欲令句弦较等于黄方。法任取一数为句弦较，倍之为股，三之 为倍句，五之为倍弦，如欲令句弦较等于弦较较。法任取一数为股弦 较，以五之平方根加三乘之，或四因较以五之平方根减三除之，均得 句弦较，以二较加减得句股弦。又法任取一数为句，倍之为股，依法 求得弦，亦合",未知,清
课题库,求志书院,1888,秋,算学,"有甲乙二弧之和弧正弦，求和弧余弦。常法以和弧正弦幂减半 径幂开平方即得，若已知甲乙二正弦，则无庸开方。法以甲乙二正弦 幂并减和弧正弦幂，以半径乘之，甲乙两正弦相乘除之，复半之，亦 得，试证之",未知,清
课题库,求志书院,1888,秋,算学,"长为半径，若乙小于半甲，则长阔较变为长阔和，亦开得长为半径，若 乙等于甲，则取甲幂四之三开正平方得半径，若乙等于半甲则置甲六 因七除之得半径，试证之",未知,清
课题库,求志书院,1888,秋,算学,"有虚句股和甲，断句股较乙，法以倍乙减甲，以甲乘之八除之为 长方积，四除乙以减甲为长阔和，开得长为半城径，此题亦有四限，俱 能令开方式变为他式，试演之",未知,清
课题库,求志书院,1889,春,算学,"乙，求三角形之边。法以甲乙各自乘，又以甲乙相乘，三数相加，三约 之开平方，得半边，作图证之",未知,清
课题库,求志书院,1889,春,算学,"假如正切等于半径之半，则其正割半径差，必等于三十六度正割 半径差之半，试完其理",未知,清
课题库,求志书院,1889,春,算学,"有合句股和甲，虚句股较乙法，置甲幂内减乙幂四之一复以乙幂 乘之为正实，乙幂乘中五因二约之为上廉负，四除甲幂以乙幂减之为 中廉负，甲为下廉正，一负隅开三乘方得城径",未知,清
课题库,求志书院,1889,春,算学,"有通句股和乙，虚句较甲，法以甲乙相乘自之倍之为负实，甲幂 乘乙倍之为上廉正，乙幂内减甲幂半之为中廉正，如甲大于乙，则为 负，倍乙为下廉负，正隅开三乘方得城径，右有通句股和较甲，虚句股 乙，求城径，得式同。",未知,清
课题库,求志书院,1889,秋,算学,"正余切相加等于倍弧倍余割，正余切相减等于倍弧倍余切，试 证之",未知,清
课题库,求志书院,1889,秋,算学,"假如甲之卯方为第一级，甲之卯减二方乘乙之二方为第二级，甲 之卯减四方乘之四方为第三级，以下指数甲递减二，乙递增二，至末 级为乙之卯方，此式若俱正号，又其卯为倍偶数，或前半级正号，后半 级负号，又其卯为倍奇数，则其式皆可化为二级数相乘之式，且原式 与相乘之式又皆可化为他二式相除之式，试证之",未知,清
课题库,求志书院,1889,秋,算学,"有等腰三角形，知二腰夹角，又各角之点在三平行直线上，乃作  垂线与三线正交分垂线为二段，其一端至腰角所引之平线者，命其段  为甲， 一端至底点所引之下一平线者，命其段为乙，法以甲自之于上， 甲乙相乘于中，以半夹角正弦幂四之为一率，半径幂为二率，乙幂为  三率，得四率于下，以上中下相并，开平方得分角线，既得分角线真  数，则以半夹角诸线比例之，即得底与等腰真数，试证其理",未知,清
课题库,求志书院,1889,秋,算学,"设有梯田一段，欲将全积截为二分，令下截积得全积寅分之卯， 上截积得全积寅分之辰，有上下阔，求截线。法以上阔幂乘卯，下阔  幂乘辰，二乘得数相并，以寅除之，开平方，得截线，以比例证之",未知,清
课题库,求志书院,1889,秋,算学,"设有圆台一所，欲将全积截为二分，令上下截积，亦得全积寅分 之辰与卯，有上下面径，求截面径。法以上面径之立方积乘卯下面径 之立方积，乘辰二乘，得数相并，以寅除之，开立方，得截面径，亦以比 例证之",未知,清
课题库,求志书院,1889,秋,算学,"得甲丙和",未知,清
课题库,求志书院,1889,秋,算学,"或寄法为母之甲丙和，皆为整数，试证之",未知,清
课题库,求志书院,1889,秋,算学,"圆球体自上下顶点凿孔，令通，但知凿去之积得球积四之三，或 四之一，或二之一，有球径，求各孔径。法以二之立方根倍之以除一， 或以二除三又六之立方根除之，或以四之立方根除一，为各高率之自  乘数，以各减于单一，各开平方，复各以球径乘之，得各孔径，试证其 理",未知,清
课题库,求志书院,1889,秋,算学,"设球径为一，问各孔径与体积之高各真数",未知,清
课题库,求志书院,1890,春,算学,"有合弦和较或弦和和甲，有断弦和较或弦和和乙，法以甲乙二幂 相减半之为长方积，倍甲为长阔和，开平方得长或阔为城径，有断弦 较和或弦较较甲，合弦较和或弦较较乙，法仍以甲乙二幂相减半之为 长方积，倍甲为长阔较，开平方得阔或长为城径，试并证之",未知,清
课题库,求志书院,1890,春,算学,"以平垛截去一层之积，与平垛相乘截去二层之积，与立垛相乘截  去天层之积，与天乘垛相乘乘得之积，比原垛俱为增一乘积，其增一  乘积之倍数同高者，俱如平截积之首层数，俱无高减一之正负诸积， 若移易之，以任一截积与任垛相乘，则必有高减一之正负诸积，试言  其理",未知,清
课题库,求志书院,1890,春,算学,"一正隅开立方得乙，如前作连比例四率，以四率之和开立方仍得甲丙 和，此法求得之乙亦未必为整数，然二三四率虽为分数，而四率之和 必为整数，以开得之立方根甲丙和均为自取之数故也，试证其法，若 能思得他法胜此者尤佳。",未知,清
课题库,求志书院,1890,春,算学,"次以甲乙相减自之半之于上甲乙相乘以减上位为负上廉，下廉 空一正隅开立方得城径，若将断弦和较乙改为断弦和和乙，则所得之 式为负实，余同前",未知,清
课题库,求志书院,1890,春,算学,"有合弦较较甲，断弦和较乙，法置甲乙相加，又以甲乙连乘之为  负实，次以甲乙相加自半之于上，甲乙相乘倍之以加上位为负上廉， 下廉空一正隅开立方得城径，若将断弦和较乙改为断弦和和乙，则所 得之式为正实，余同前，欲作弧矢绩，令得全圆面四之一，有圆径，求 弦矢。此题以疏率求之，以密率求之，易难试言其法",未知,清
课题库,求志书院,1890,冬,算学,"乘甲幂倍之为上廉正，乙幂内减甲幂半之为中廉正，倍乙为下廉负， 一正隅开三乘方得城径。此式甲必大于乙，故中廉应改作甲幂内减  乙幂半之为中廉负，有合弦较较甲，断弦较和乙，法求得开方式如前  题，惟二项与四项反其正负，又甲若大于乙，亦应将中廉尽反正负，试  两证之",未知,清
课题库,求志书院,1890,冬,算学,"假如三角形知三边和，知面积，又知一角，求角之对边，法以角之  余割余切相加面积乘之半和幂除之以减单一，复以半和乘之得所求， 试证其理",未知,清
课题库,求志书院,1891,春,算学,"有断勾股较甲，有合弦和较，或弦和较，或弦皆为乙，求城径，所 得三开方式两同而一异，试演细草",未知,清
课题库,求志书院,1891,春,算学,"有合勾股和甲，有断弦较和，或弦较较，或弦皆为乙，求城径，所 得三开方式俱异，试并演之",未知,清
课题库,求志书院,1891,春,算学,"切相加为法，半和为实，法除实，以右半角或左半角正余切相加乘之， 得左角或右角所对之边，试证之",未知,清
课题库,求志书院,1891,春,算学,"依前题求两角所夹之边，法以两半角正切相乘，以减单一，复以 半和乘之，得所求，又法以两半角余切相加为法，两本角余切相加以 和乘之为实，法除实亦得所求，又法两角正弦相加，又以和角正弦加 之为法两，角正弦相加以和角正弦减之为实，法除实以减单一，复以 半和乘之亦得所求，后二法皆可化为两半角余切相加为法，两半角正 切相加为实，法除实以减单一复以半和乘之为所求式，再化之即与前 式同，试并证之。",未知,清
课题库,求志书院,1891,春,算学,"附量○舆地题：昧谷考",未知,清
课题库,求志书院,1891,春,算学,"三受降城考",未知,清
课题库,求志书院,1891,春,算学,"拟书新刻《黄河图》后。",未知,清
课题库,求志书院,1891,夏,经学,"〇史学题：《汉武帝内传》考证",未知,清
课题库,求志书院,1891,夏,经学,"《唐顺宗实录》考证",未知,清
课题库,求志书院,1891,夏,经学,"《郑康成别 传》考",未知,清
课题库,求志书院,1891,夏,经学,"《文中子世家》考。",未知,清
课题库,求志书院,1891,夏,算学,"得挈领提纲之道",未知,清
课题库,求志书院,1891,夏,算学,"又断形中一为首句股较，中弦较和末倍弦较和加径二为首句股 较，中弦较较末径内减倍弦较较三为首径，加倍弦较和中径末径内减 倍弦较较四为首句股较，中股末股加半径五为首句股较，中句末半径 内减句六为首半径，加股中半径末半径内减句，凡此三率比例，可化 为无穷四率比例，且可化为无穷合断相参之四率比例，故凡遇合断诸 题，但就本形取义，自得理，所从生无须牵涉他形，徒取纷烦而欠 画一",未知,清
课题库,求志书院,1891,夏,算学,"今有负积六十四开十一乘方可得四个方根，又有正积单一开七 乘方可得八根，试证各根之理",未知,清
课题库,求志书院,1891,秋,掌故,"设官银行造官钞票议。",未知,清
课题库,求志书院,1891,秋,算学,"凡乘法皆可化为级数，如大数寅、小数卯相乘，可令寅等于甲加  一或甲减一，乃以甲除一，依前除法化为一正级、一正负相间级，以二 级数加一或减一，各以甲卯连乘之得所求，合观乘除诸式，可知凡数  皆可化级数。设有数丙，可以丙加一为一级正，丙除一级为二级负， 又可以丙减一为一级，丙除一级为二级，亦各求至多级，试并证之",未知,清
课题库,求志书院,1891,秋,算学,"与原式不同，又甲减天之二项例，亦可依此法化为另一级数。曩谓二 项例可化四式，其化法甚多，除此法外，尚有加负级减正级之法，又有 取一数加天或减天以代甲而除逐级之数，以除得诸级依原正负加减 之亦得，因近人鲜有知四式者，兹特明示，但以丁除左畔，演得细草 即合。",未知,清
课题库,求志书院,1891,夏,经学,"或为赎、祝或为铸说。",未知,清
课题库,求志书院,1891,秋,算学,"方为二级，寅平方乘天立方为三级，此式全级等于一，减实天相乘为 法，天为实，欲证相等之理，有数法，或以除法证或以乘法证，或命全 级为地，以代数化之，得地等于法实之数，即知全级亦必等于法实之 数，试证之",未知,清
课题库,求志书院,1891,秋,算学,"求对数根，须先求十之讷对，前人具有成法，兹另思得数法，因一 一录之。法取略大于单一之数，一一求得讷对二十四，因之于上，次 以一一屡自乘至二十四，方降一位以减于一为一级，求得以下诸级相 并，用加上位得十之讷对，又法取一二或一三各求得讷对十三或九， 因之于上，次以一二或一三屡自乘至十三方或九方，降一位内减一为 一级，正求得正负诸级相减，以减上位，亦得，试详证之",未知,清
课题库,求志书院,1891,秋,算学,"〇舆地题：富良江考",未知,清
课题库,求志书院,1891,秋,算学,"何秋涛《朔方备乘》书后",未知,清
课题库,求志书院,1891,秋,算学,"西藏改设行省议",未知,清
课题库,求志书院,1891,秋,算学,"各教所行之地考。",未知,清
课题库,求志书院,1891,秋,算学,"甲以一加之或减之得勾弦交角正割，若有重勾或边勾甲，有半城径 乙，法如前，求之所得为股弦交角正割",未知,清
课题库,求志书院,1891,秋,算学,"求十之讷对，前课已撰二题，兹又思得数法，曰取真数， 一求其讷 对得正负相间诸级，命为甲，复将诸级俱易作正号，命为乙，次求三与 三一三八四二八三七六七二一之对数较乃十二，因甲以对数较减之 倍之，复以乙加之，即得，又法取一二求其讷对，得正负相间诸级，命 为丙，复将诸级俱易作正号，命为丁，次求二与二零七三六之对数较， 以减四内三，因之复以丁加之，亦得，试演草证之",未知,清
课题库,求志书院,1891,秋,算学,"又法取一二，求其正负相间级之讷对，命为甲，复易负号为正号， 命为乙，次求一四与一六之对数较，得正负相间级命为丙，复易负号 为正号，命为丁，乃以甲乙丙丁相加，三因之，复加乙，即得，又法如 前，求得甲乙，次求一六与二之对数较，得正负相间级，命为戊，复易 负号为正号，命为已，乃以甲戊已相加三因之，复加乙，亦得。",未知,清
课题库,求志书院,1893,春,算学,"有合句或断句甲，有城径乙，法以乙除倍甲以与一相减得股弦交 角正切，若有合股或断股甲，有城径乙，法仍以乙除倍甲以与一相加 减得句弦交角正切，有通句或虚股甲，有城径乙，法以乙除倍甲或甲 除乙以一减之，皆得半句弦交角余切，若有通股，或虚句甲，有城径 乙，法仍如前，求之得半股弦交角余切，求十之讷对",未知,清
课题库,求志书院,1893,春,算学,"以下，加之即得",未知,清
课题库,求志书院,1893,春,算学,"又法如前，求得甲，次取一二求得正负相间级之讷 对，复易负号为正号，命为丙，乃以甲内相加三因之，又加丙，亦得。",未知,清
课题库,求志书院,1893,春,算学,"等边三角面积内容平圆，或外切平圆，等边等面四面体积及八面 体积内容立圆，或外切立圆，设三积边边相等，则面内容圆径与四面 及八面体内容圆径比，若一与二之平方根除一比，及与二之平方根 比，面外切圆径与四面及八面体外切圆径比，若二与二之平方根除三 比，及与六之平方根比，试证之",未知,清
课题库,求志书院,1893,春,算学,"设天为一级，寅天连乘一级为二级，寅天连乘二级为三级，下皆 如是，命此全级为地，欲回求得地之诸级等于天，尝思回求之法，约有 数途，除递减递加寅天之各方，及用泛倍数外，可用代数变化之令，天 等于法实之数，则径以法除实可得，又可递以天之同数代其天，逐级 递变，亦得，试详证之",未知,清
课题库,求志书院,1893,春,算学,"三角形有甲乙两边，有两边所夹之角，求余二角。旧法求半较角 正切，若欲径求二角，法置甲乘正割以乙减之为法，乙乘正切为实，或 以乙除甲以余弦减之为法，正弦为实法除实，均得乙之对角正切，又 置此法实二式以乙代其甲，甲代其乙，则得甲之对角正切，若法中负 数大于正数，则求得甲对角正切亦为负数，即知其角必为钝角",未知,清
课题库,求志书院,1893,春,算学,"求十之讷对，复有剩义一则，法取一六与一二之对数较得诸正 级，命为甲，复易正号为正负相间，命为乙，次取一一求得正负相间级 之讷对，复易负号为正号，命为丙，乃置六甲加四乙以三丙减之，得十 之讷对。",未知,清
课题库,求志书院,1893,春,算学,"有甲加乙之和弧，或甲减乙之较弧各正弦代数式，求各余弦式， 法各以所有式自之，以减半径幂，复以法变化配合之，开平方即得，试 演 之",未知,清
课题库,求志书院,1893,春,算学,"又若有和弧正余弦式，求较弧正余弦式，法可以乙之负弧代其正 弧负弧，即钝角之余角，实即外角之余角外角诸线，分别正负，即为钝 角诸线，易其正余即为负角诸线，以此代入和弧各式，即得较弧各式",未知,清
课题库,求志书院,1893,春,算学,"有甲乙和弧之正弦余弦式，试以甲代其乙，复以二甲三甲递代其 一即得倍弧三倍弧之正余弦式，又从倍弧余弦式可用开方法，回求得 本弧正余弦式，易其名即为本弧，求半弧之正余弦式，若欲求三分弧 各一正余弦式，可从本求三倍弧之正余弦式，易其名而立天元以返求 之，即得",未知,清
课题库,求志书院,1893,春,算学,"三角形有甲乙两边，又有甲边或乙边所对之角，求甲乙所夹之  角。法以乙幂减甲幂，以正弦幂乘之，以甲幂或乙幂除之，为长方积， 次以正余弦相乘倍之于上，以甲除乙乘上为长阔较，或以乙除甲乘上  为长阔和，均开平方，得长为夹角正弦，若甲边所对之角为钝，法仍用 前，长方积与长阔较开得阔为夹角止弦，试证之",未知,清
课题库,求志书院,1893,春,算学,"求对数半较，以大小两数和除大小两数较为一级，三除一级之三 方为二级，此式即对数常法，一正级一正负相间级，两式之半和也，李 壬叔氏以变法解之，未能尽抉其奥，兹以常法言之",未知,清
课题库,求志书院,1893,冬,算学,"半径于下，如前求之，即得",未知,清
课题库,求志书院,1893,冬,算学,"设有甲乙较弧余弦，有角或亢，或氐，或房，亦有二事，求余一事。 法以较弧余弦减半径于上，加半径于下，圆径乘上位内减亢舁得房， 羿内减房舁得亢舁，圆径乘下位内减角羿得氐，羿内减氏羿得角，羿  各开平方，由是亦可求得各正余弦，若较弧在九十度外，则法亦以余  弦加半径于上，减半径于下，如前求之，即得",未知,清
课题库,求志书院,1894,春,算学,"设甲乙二弧，有甲乙二正弦和角，甲乙二余弦较房，或有二正弦  较亢，二余弦和氐，各有二事，求甲乙和弧正弦。法以角舁房舁相加， 或亢舁氐舁相加于上，二除上位自之，以减上位，各开平方即得",未知,清
课题库,求志书院,1894,春,算学,"设有甲乙二正弦较亢，二余弦较房，或有二正弦和角，二余弦和 氏，各有二事，求甲乙较弧正弦，法以亢舁房舁相加，或角羿氐舁相加 于上，二除上位自之，以减上位，各开平方即得",未知,清
课题库,求志书院,1894,春,算学,"阔较，若甲角在六十度外，则长阔较变为长阔和，均开平方得阔为右 腰，若甲角为钝，则一减倍余弦之法变为一加倍余弦，下位内一减余 弦亦变为一加余弦，仍以有长方积有长阔和之法开之，若夹角适足六 十度，则前上位为实下位为法，法除实即得",未知,清
课题库,求志书院,1894,春,词章,"〇经学题：圣人有以见天下之赜解",未知,清
课题库,求志书院,1894,春,词章,"于穆不已解",未知,清
课题库,求志书院,1894,春,词章,"鲜我方将解",未知,清
课题库,求志书院,1894,春,词章,"《礼运》故圣人作则一节包《春秋》始元终麟说。",未知,清
课题库,求志书院,1894,春,算学,"问股弦较加半个句弦较，比弦和较孰大，四因弦和较比句弦和孰 大，其大小之差可各指名以证之",未知,清
课题库,求志书院,1894,春,算学,"得亢氐夹角，或以所检度减半周为所求角，凡此类题，若求余切，因所 求角有钝锐直之分，开方式必屡变无定，故莫若求余割为定式。",未知,清
课题库,求志书院,1894,冬,算学,"欲取大数天、小数地之两数，令两数之幂相减， 一须等于两数相 减，二须等于两数相加，又令两数之幂相加， 一须等于两数相减，二须 等于两数相加，问取两数之法，并论天地大小之限。后一法之地每有 一个同数，天必有两个同数，后二法之天每有一个同数，地必有两个 同数，后一法二法天地俱为整数者，祗有一个答数，试证之",未知,清
课题库,求志书院,1894,春,算学,"率，升其位，而以公约数约之，为定数，乃各以三率代句股之一事，即 得句股弦，后诸法皆由前法而生，实一法也。此外用三率比例以求句 股者，尚有四术除句股互易名异而术同者，尚有三术，惟三术所取之 甲，须用偶数，如前取得三率，以首中率及半末率各代句股之一事，即 得句股弦，试详证之",未知,清
课题库,求志书院,1894,春,算学,"句股弦皆整数者，其弦恒为奇数，万无或偶之理，句与股恒为一 奇一偶，万无皆奇皆偶之理，若谓此非定论，欲少加变易，则一经证 释，各事奇偶之名，前后必趄龋不合，试阐其说",未知,清
课题库,求志书院,1894,夏,史学,"洛蜀二党平议。",未知,清
课题库,求志书院,1894,夏,算学,"有句弦较，有股弦较，求弦和较。向有旧法，兹更思得一法，以二  较相加为弦，以句股较为句，求得股幂半之开平方得弦和较，试证之",未知,清
课题库,求志书院,1894,夏,算学,"句股弦三事皆整者，其句弦和与句弦较为奇数或偶数，则其股弦 和与股弦较必为偶数或奇数，无论句弦和较股弦和较，设为奇则其数 必能开平方得整数，设为偶则其数必能折半开平方得整数，此事决非 偶合，有妙谛存焉，但人狃于习见而不察，特明揭其奇，试探源论之",未知,清
课题库,求志书院,1894,夏,算学,"三角形三边求角法，以夹所求角之两边各自乘，相加以对角之  边，自乘减之为实，次以夹角两边相乘倍之为法，法除实得所求角余  弦，若对角边幂大于余二幂之和，则所求为钝角，以代数或图解证之",未知,清
课题库,求志书院,1894,夏,算学,"三角形之三边为角亢氐，有两边和，有另两边较，此题可化为两  个和数，仍依前数课之法施之，若有两个两边较祇可化得另一较数， 不能化得和数，须别立法以御之，设有角氐较甲，亢氐较乙，角大氐  小，又有角氐夹角，或亢氐夹角，求氐，试为细草。",未知,清
课题库,求志书院,1894,秋,算学,"有甲乙之和弧正切寅，有甲乙两正切之和卯，求甲乙各正切，法 置寅内减卯以寅除之为长方积，卯为长阔和，开平方得长为甲正切， 阔为乙正切，有甲乙和弧正切，寅有甲乙两正切之较，已求甲乙各正 切，法置寅内减已以寅除之为公用长方积二加寅已相乘以寅除之为 长阔较，开平方得阔为乙正切，又寅已相乘与二相减以寅除之为长阔 较，若二大于寅已相乘则开平方得阔为甲正切，若二小于寅已相乘则 开得长为甲正切，试证之",未知,清
课题库,求志书院,1894,秋,算学,"三角形三边求角法，以三较连乘，又以三边和乘之倍之开平方为 实，以夹所求角两边相乘为法，法除实得所求角正弧，三角形之三边 为角亢氐，有角氐较甲，有亢氐较乙，有角亢夹角，角大氐小，求角氐 夹角，或亢氐夹角，若角幂大于亢氐二幂之和，则亢氐夹角为钝，试为 细草。",未知,清
课题库,求志书院,1894,冬,算学,"有甲乙之较弧正切辰，有甲乙两正切之较已，甲大乙小，求各正 切。法以辰减已，复以辰除之为长方积，已为长阔较，开平方得长为 甲弧正切，阔为乙弧正切",未知,清
课题库,求志书院,1894,冬,算学,"有甲乙较弧正切辰，有甲乙两正切之和卯， 法以辰减卯，复以辰除之为长方积，辰卯相乘以加二，复以辰除之为 长阔和，开得阔为乙弧切，又以辰加卯复辰除之为长方积，辰卯相乘 以减二复辰除之为长阔较，开得阔为甲弧正切，试并证之",未知,清
课题库,求志书院,1894,冬,算学,"四不等边形，求面积，旧法以四较连乘开平方得面积。今试作一 平圆，任于圆周上四点作四切线，成四不等边，内容圆形，以此四边连 乘开平方亦得面积，试证之",未知,清
课题库,求志书院,1894,冬,算学,"三角形之三边为角亢氐，有角氐较甲，亢氐较乙，角大氐小，又有 角氐夹角，求角亢夹角，或亢氐夹角，试为细草。",未知,清
课题库,求志书院,1894,春,算学,"股弦和除弦较和为一率，勾弦和除弦较较为二率，股弦较除弦较 较为三率，句弦较除弦较和为四率，此一率与二率比，或三率与四率 比，皆若股与句比，试以比例之理证之",未知,清
课题库,求志书院,1894,春,算学,"自股弦交角作线至句之中点，命为甲，自句弦交角作线至股之中 点，命为乙，自甲乙交点分甲乙各为大小二段，分句股积为两两相等 四积，则甲乙各大段与小段比，若四积中大积与小积比，有句股弦，求 甲乙及大小段各线，并证比例之理",未知,清
课题库,求志书院,1894,春,算学,"右负，试将二式各开得立方根，并阐其理",未知,清
课题库,求志书院,1894,夏,算学,"前题如以戌代中边，则天等于十，除三戌为丑式亦可，以酉代大 边，或亥代小边，求得天等于十三，除三酉为子式，或七除三亥为寅 式，又已得丑式者，易化为子寅二式，法以天减酉，或天加寅，代丑式 之戌，略化之即得。夫子丑寅各式，即各边与天之比例，此等三角形 三边实数不可求，而比例可得，合子丑寅式言之，可见小边与中边与 大边与边较比，同于七与十与十三与三比，试以大边或小边演得子式 或寅式",未知,清
课题库,求志书院,1894,夏,算学,"长○舆地题：司马错主伐蜀论",未知,清
课题库,求志书院,1894,夏,算学,"亚欧二洲关系论",未知,清
课题库,求志书院,1894,夏,算学,"回教蔓延各国始 末考",未知,清
课题库,求志书院,1894,夏,算学,"拟仿泰西设地学公会议。",未知,清
课题库,求志书院,1894,秋,经学,"●史学题：书《鸮冠子 ·博选篇》后",未知,清
课题库,求志书院,1894,秋,经学,"书《申鉴 ·政体篇》后",未知,清
课题库,求志书院,1894,秋,经学,"高齐 疆域考",未知,清
课题库,求志书院,1894,秋,经学,"宇文周疆域考。",未知,清
课题库,求志书院,1894,秋,算学,"所求视对角为小腰或大腰，则下位与法中之较，俱用减号或加 号，以上无论有和有较之题，其夹角旁为小腰，则底乘余弦之数有时 正负互易，试并证之",未知,清
课题库,求志书院,1894,冬,算学,"半外角正切。若有半外角正切，求本角正切，或正割，法以半外角正 切除一得余切，以减正切，为公用之法，二为实，或正余切相加为实， 法除实得本角正切或正割，如外角余切大于正切，则知所求本角为 钝，试证之",未知,清
课题库,求志书院,1894,冬,算学,"三角形有底，有两腰和或较，有两腰夹角，求两腰。法置底幂倍  之于上，次置和幂以一减余弦，乘之以减上位，复以一加余弦，除之开  平方得两腰较，或置较幂以一加余弦，乘之以减上位，复以一减余弦， 除之开平方得两腰和和较，相加减而各半之，得所求，若夹角为钝，则  以余弦互易其正负，即得，试证其理",未知,清
课题库,求志书院,1894,冬,算学,"又法以底幂与半角正割幂，或半角余割幂相乘，各置上位，以和 幂乘半角正切幂，或较幂乘半角余切幂，以各减上位，开平方得腰较 或腰和，试由算理演得二式，或由前二式化得亦佳",未知,清
课题库,求志书院,1894,冬,算学,"又设两角并度为百八十，则法以角亢二幂相加，以氐房连乘之于 左，氐房二幂相加，以角亢连乘之于右，左右相并为实，角亢查乘加氐 房相乘为法，法除实开平方得横线，仍如前亢氐或角房互易，则开得 纵线，试证其理。",未知,清
课题库,求志书院,1894,夏,算学,"得分中末线一率，等于二、三率相加，有一率半径，求诸率数。法 以半径自乘为公用长方积，半径为长阔较，求得阔为二率，又三因半 径为长阔和，求得阔为三率，又四因半径为长阔较，求得阔为四率，又 七因半径为长阔和，求得阔为五率，又十一因半径为长阔较，求得阔 为六率，试证其理，并增求七率之法",未知,清
课题库,求志书院,1894,夏,算学,"三角形有三边和，有面积，有一角，求夹角两边。法以半角正割  幂乘面积，以半角正切除之，为长方积，置和幂半之，以半角正切乘  之，二因面积加之为实，和乘半角正切为法，法除实为长阔和，开平方  得长为大边，阔为小边。依前题，所有三事，求余二角，法置面积四  之，以正切除之，又以和幂除之为长方积，和幂乘正切四因面积减之， 以和幂与正切幂连除之，为长阔和，开平方，得长为大角正切，阔为小 角正切",未知,清
课题库,求志书院,1894,秋,算学,"圆球体上下各截去积一段，令两截面平行，有球径，有截体高，有 两截面径之和或较，求两截面径。三角形有底，有底与任腰夹角，有 两腰和或较，求两腰夹角。法置和乘余割，以底乘余切减之于上，又 底乘余切，以较乘余割加之或减之于下，以上位或下位，乘底倍之为 实，底幂加上幂或下幂为法，各以法除，实得",未知,清
课题库,求志书院,1894,秋,算学,"幂相减为实，较幂下幂相加为法，法除实为长方积，再以法除下位，倍 底乘之，为长阔和，所知角旁为小腰，或大腰，则下位内较乘余切为正 号或负号，开平方得阔或长，各为所求角正弦，试证之",未知,清
课题库,求志书院,1894,冬,词章,"O 经学题：其不地于纪也解",未知,清
课题库,求志书院,1894,冬,词章,"可使南面解",未知,清
课题库,求志书院,1894,冬,词章,"晋文请隧贾韦异义说",未知,清
课题库,求志书院,1894,冬,词章,"南人有言申孔疏义。",未知,清
课题库,求志书院,1894,冬,算学,"三角形有底，有两腰和，有两腰夹角，求余二角。法以和幂底幂 相减，正弦幂乘之，三因底幂除之，又一加余弦除之，为长方积，和乘 正弦以底除之，为长阔和，开平方得长为大角正弦，阔为小角正弦",未知,清
课题库,求志书院,1894,冬,算学,"有底，有两腰较，有两腰夹角，求余二角。法以底幂较幂相减，正 弦幂乘之，二因底幂除之，又一减余弦除之为长方积，较乘正弦以底 除之为长阔较，开平方得长或阔，与前题同，若则有为钝角，则余弦加 减之号互易，试证之",未知,清
课题库,求志书院,1894,冬,算学,"圆球体任剖为二，成大小截积，已知截面径得球径寅分之卯，有 球径，求二截积。法以周代径一之圆周，可求得寅之三乘方除卯之三 乘方，三因之，以寅之五乘方除卯之五乘方，加之于上，置球半径之立 方积周因之三除之于下下位，自之以乘上位为长方积，又置下位四因 之为长阔和，开平方得阔为小截积，长为大截积，试证其法",未知,清
课题库,求志书院,1894,冬,算学,"三角形以三角正切两两相乘，以乘得之三数相并，必等于三正切 之和乘三余切之和，试证之",未知,清
课题库,求志书院,1894,春,算学,"今有等边长八角田，自各角作纵横线，各二分田积为九，已知全 田积，只云积内所函勾股田，其句与股比若寅与卯比，求等边法，以寅 幂卯幂相加，开平方于上，又以寅卯加入上位于下，下位自之，内减寅 卯二幂和，或倍上位乘下位，内减寅卯较之自乘数，为一率，寅卯二幂 相加为率田积为三率，求得四率，开平方得等边，试证之",未知,清
课题库,求志书院,1894,春,算学,"无量数乘方，取其方根单一下零数为本数之讷对，故由真数求对数， 必藉开方法，及观代数术，转用乘法乘至卯方，似与开方法迥异，至后 半复消去其卯，是令卯等于无数，则与开方法仍同，试详其说",未知,清
课题库,求志书院,1894,夏,算学,"〇舆地题：空桑考",未知,清
课题库,求志书院,1894,夏,算学,"裴秀制图六体之说，视今之西法若何?论英 法法寿达之案",未知,清
课题库,求志书院,1894,夏,算学,"论德人欲干预小吕宋事。",未知,清
课题库,求志书院,1894,秋,算学,"今有截球体，内容正立方，有球径截径，求方边。法以球径自乘  倍之，加截径自乘再倍之，开平方为上数，两径各自乘相减四之，开平 方为下数，以下减上，六约之，得方边，若截体大于半球，则上下相加， 若等于半球，则仅以上数六约之即得，试各证之",未知,清
课题库,求志书院,1894,秋,算学,"又设前截球体内容平列等径四小球，求小球径。法以球径截径  各自乘相减，开平方，倍球径乘之，加倍球径幂与截径幂，再开平方为  上数，两径幂相减之方根，再加球径为下数，以下减上半之得容球径， 若截体等于半球，仅用上数，与前题同，惟不可大于半球，与前题异， 亦各证之",未知,清
课题库,求志书院,1894,冬,算学,"弧三角形三弧通弦所成之平三角形，其角度恒大于对边弧度之 半，故弧形三角相并不能大于平形三角和一百八十度之倍，又记如大 弧一百二十度，中弧六十五度，小弧六十度，其中小两角甚小，而中小 两半弧大于中小两角数倍，可知，然三通弦平形之中，小两角仍大于 中小两半弧也，试详解之",未知,清
课题库,求志书院,1894,冬,算学,"弧三角形内容圆，则古昔斋书中用三较之正切两两相加成外切 平三角形，止能御三弧略等之形，若两弧甚大， 一弧甚小，则不能御。 设如大弧一百五十度，中弧一百四十度，小弧三十度，内容切三弧之 圆，依三切点作三切线，则成箕形，自不可以平三角例之，然亦有法变 通，试立法，并论其理",未知,清
课题库,求志书院,1894,冬,算学,"海镜洞渊九容诸题，圆径同而句股形各为大小，今拟改为句股 同，而圆径各异，设如股上容圆之径三百十五，句外容半圆之径一千 二百六十，问句股弦各几何?又设如句外容圆径四百二十，股外容圆 径六百三十，问如前。",未知,清
课题库,求志书院,1894,春,算学,"如前题增作六圆球，问同前，大于半球之截体内容等径五圆球， 若截体略大于半球，其排列公式仍与前同，不过正负略异，若截体再  增大，则必改变排列，故公式亦不同，问公式又若何?并求改变时截  高之限",未知,清
课题库,求志书院,1894,春,算学,"今有句股直积六除之，再减二百四十与十三事相并等，只云句弦 较自乘内减股较自乘以减弦得黄方，问三事各若干。",未知,清
课题库,求志书院,1894,夏,经学,"是否夏殷之易说",未知,清
课题库,求志书院,1894,夏,经学,"普天之下四句为舜诗说。",未知,清
课题库,求志书院,1894,夏,算学,"黄赤大距，古大今小，犹太阳行道有高卑必有均数生焉，故古今 岁差亦不同，其章动差椭圆本道上又有次轮也，试详论之。",未知,清
课题库,求志书院,1894,秋,算学,"海镜九容皆系句股有直角，今拟改为无直角三角形，其三事改名 为大边、中边、小边，而三和、三较以及大和和、大和较、大较较与各形 之比例仍如故，惟因无直角，故不能有中小两边外容半圆，乃可增大中 边上容圆大小，边上容圆以补之，仍是九容，试作图解，以明比例之理",未知,清
课题库,求志书院,1894,秋,算学,"今有三角形容圆径三百三十六步，通大边六百三十步，中边五百 八十八步，小边五百四十六步，求九容各形之三事，列为表，并列 细草",未知,清
课题库,求志书院,1894,秋,算学,"以上题试依海镜例作说，别算式集要，摆线体求体积，法以母轮 径倍之自乘，而与三九二七相乘得积，再以母轮径乘之，又以三一四 一六乘之，得数八约之即得，有法无解，试补之。",未知,清
课题库,求志书院,1894,冬,算学,"斜幂一算，第二四六三率倍方幂少于斜幂一算，试再求四率以成十 率，并详理法",未知,清
课题库,求志书院,1894,夏,词章,"O 经学题：汾王之甥解",未知,清
课题库,求志书院,1894,夏,词章,"孟虎孟皮解",未知,清
课题库,求志书院,1894,夏,词章,"羊舌四族解",未知,清
课题库,求志书院,1894,夏,词章,"赵盾贤夜姑 仁解 。",未知,清
课题库,求志书院,1894,夏,算学,"代数术，一百六十九款， 一加甲之卯天方， 一加亥之卯方，各详为  二项例，其相等两个详式中，有卯之项与有卯之项相等，无卯之相与  无卯之项相等，故可分为两个相等式，原书尚未明言其故，学者碍焉， 盍阐明之",未知,清
课题库,求志书院,1894,夏,算学,"前课方斜率数，可类推为周径率数，试以径一周三为第一率，仍 作至十率，其一盈一胸与方斜同，但方斜略合连比例，兹周径则大不 合，详论其故",未知,清
课题库,求志书院,1894,夏,算学,"凡级数各项之倍数，必合堆垛，若无量层堆垛，即变为尖锥，所以 对数级数即二项例级数，戴李两家之术皆本此理，试详言之",未知,清
课题库,求志书院,1894,夏,算学,"又圆内容多边形之级数，亦是堆垛，若至无穷边形，与弧合其堆 垛，亦变为尖锥，即杜氏之术，盍亦详言。",未知,清
课题库,求志书院,1894,夏,舆地,"多于他国说。",未知,清
课题库,求志书院,1894,秋,算学,"拾级微分七第三四两款，凡曲线凸边向内，则纵线二次微系数必 同号，凹边同内，则纵线二次微系数必异号，仍以正则同长同消，负则 此长彼消解之，其一次微系数之或长或消，及地之消长率，或递增，或 递减，均易见，故曲线向背显然，试申其说",未知,清
课题库,求志书院,1894,秋,算学,"前课既已发明微系数等于空之时为地之最大最小限，再查二次 微系数之正负，则易知一次微系数等于空时之前后，或长或消，即可 知由正变负，由负变正也，故欲辨限之为大为小，必查二次微系数之 正负，试详论之",未知,清
课题库,求志书院,1894,秋,算学,"凡无穷项之发级数，必正负相间，如俱正，或除首项外俱负者，则  全级之和长至无穷，而无实数可求，故偶次虚根式，如以小甲减大天， 代其方积，详为级数，亦无实数，仍与虚根之例符合，详证其理",未知,清
课题库,求志书院,1894,秋,算学,"俱正，无实数，然至卯项后，变为正负相间，故非虚式，盍亦证之。",未知,清
课题库,求志书院,1894,秋,算学,"设有平三角形，三边外各容平圆，其三边皆已知，乃以三圆径两 两相乘，并之，复开平方，问为何数?并申明其理",未知,清
课题库,求志书院,1894,秋,算学,"准前题，理可作正负相间立方式，第三项倍数为整数正平方积 者，其三根亦整数，试就最小之数作十答",未知,清
课题库,求志书院,1894,秋,算学,"平三角形之三角， 一为十八度， 一为三十六度， 一为一百二十六 度，则大小两边与外切圆半径比，同于五之方根加减单一与二比，故 大小两边成和较之势，试作图解以证之",未知,清
课题库,求志书院,1894,秋,算学,"声音大纲，虽分为五音、七音，实则高下万殊，故有同声相应，因 耳官可听，古人早已知之，电气亦具此性情，但人无审电之官，非藉至 精之器，不能察，西人近始考得此理，创造无线电报，盍详论之。",未知,清
课题库,求志书院,1894,春,算学,"圆理括囊，如图，平圆穿尖蛋平形以丝钩之，有平圆径若干，穿去 长径短径若干，问得矢术如何?一题原书有法无源，今考其术，较古 率吏疏，试求其源，并能改从古率否?若天乘长径二除之，不用五乘 八除，即穿去椭圆平形之密术，盍亦证之",未知,清
课题库,求志书院,1894,春,算学,"古圆率周，三径一弧矢率弦矢相乘，如矢幂半之，又有如图三斜 形以丝钩中，有大斜、中斜、小斜若干，问得欠斜术如何?亦有法无 源，试作图解",未知,清
课题库,求志书院,1894,春,算学,"椭圆长短轴幂相乘倍之为实，长短轴幂相加为法，实如法，而一 开平方，得内容正方之对角线，试证其理",未知,清
课题库,求志书院,1894,春,算学,"今有四不等边形，自各边平分中点作四联线，此四联线方之和等 于原形对角两线方和之半，试证之。",未知,清
课题库,求志书院,1894,夏,算学,"前课无穷项发级数正负相间，有实数俱正俱负，无实数，然正负 相间，亦有无实数者，设如正负两级相并为一级，则变为俱正俱负，若 两级之较前小后大，与俱正俱负之发级无异，故亦无实数，所以欲考 有无实数，必以俱正俱负见之，设或两级正两级负相间者，四级相并 亦然，试作详解",未知,清
课题库,求志书院,1894,夏,算学,"又无穷项相间级数，既可变为俱正，亦可变为俱负，故全级之和 为正负两可之数，乃与方根用□之例合，盍亦解之",未知,清
课题库,求志书院,1894,秋,算学,"圆理括囊附录，今有若干，再乘幂不用立方，问得商术如何?一 题原书有术无解，试作详解",未知,清
课题库,求志书院,1894,冬,算学,"设有甲乙丙平三角形，有重心丁从甲乙丙三角各作过丁点之三  分角线，又作过丁点与三边平形三线，其三分角线，每线必分全积为  两平分，而三并行线每线所分之积，左右必不等，试作图说以明其理",未知,清
课题库,求志书院,1894,夏,算学,"诸乘堆垛，除数种干垛外，余皆两垛相乘而成干垛，元垛止一种， 平垛二种，一三角垛、二方垛、立垛三种， 一三角垛逐层皆三角平垛， 二四角垛逐层皆平方三六角垛，弟二层以下皆立方廉隅三乘垛四种， 一三角垛逐层皆三角立垛，二四角垛逐层皆四角立垛，三方体垛逐层 皆立方体四廉隅垛，弟二层以下皆三乘方廉隅，四乘以下各垛均类  推，每增一乘增一种，出以自然，试详论之",未知,清
课题库,求志书院,1894,夏,算学,"兴化刘氏九章实义书后。",未知,清
课题库,求志书院,1894,夏,舆地,"公先诸侯至霸上论",未知,清
课题库,求志书院,1894,夏,舆地,"日本建国由西渐东论。",未知,清
课题库,求志书院,1894,春,经学,"O 性理：《论衡 ·本性》引宓子贱、漆雕开、公孙尼子之徒言性有 善有恶说",未知,清
课题库,求志书院,1894,春,经学,"孟子言性善荀子言性恶说",未知,清
课题库,求志书院,1894,春,经学,"扬子《法言》修身言性善恶混 说",未知,清
课题库,求志书院,1894,春,经学,"《申鉴 ·杂言下》《韩昌黎集 ·原性》并言性有上中下三品说。",未知,清
课题库,求志书院,1894,春,算学,"摆线体之积数为其外切圆困积八分之五，试作图解以明其理",未知,清
课题库,求志书院,1894,夏,算学,"算式集要，椭圆体求截积，公法将三倍定轴与二倍体高相较，余 以高平力乘之，次以五二三六乘之，得积，次设比例为定轴平方与动 轴平方之比，若上积与本截积之比，此法与则古昔斋所设两种比例各 不相同，而得数皆能密合，试互证之",未知,清
课题库,求志书院,1894,秋,算学,"凡四边形之切于圆外者，其相对之两边，知必等于余两边和，若 切于圆内，则其相对两边之平方和，必等于余两边之平方和，试阐 其 理",未知,清
课题库,求志书院,1894,秋,算学,"凡四边形，无论切圆与否，其各边之平方和，与其对角两线之平 方和之较恒等于两对角线中点距线之平方之四倍，试证以图",未知,清
课题库,求志书院,1894,冬,史学,"原○舆地：晋景公灭狄悼公和戎合论",未知,清
课题库,求志书院,1894,冬,史学,"昆仑分三龙入中国说",未知,清
课题库,求志书院,1894,冬,史学,"西士 探南北极论",未知,清
课题库,求志书院,1894,冬,史学,"论拿坡仑急攻俄都之失。",未知,清
课题库,求志书院,1894,冬,算学,"试求潮流之初速、末速",未知,清
课题库,求志书院,1894,冬,算学,"斜坡下筑跑马场一圈，其形正圆，其周三里，因地势于圆周上平  分呷乙呐三点，呷据最同，呐居最卑，有甲乙二人，于呷点同时起马， 依吃呐旋转而驰甲，自呷至乙历时三分，自乙至呐历时二分，自呐至 呷历时五分，皆非平速，而乙与甲两速比十一与十三之比，求二人对 周相望之时。",未知,清
课题库,求志书院,1894,春,算学,"半径为股之句股形，令股乘弦和较等于句弦较，自乘即成理分中 末线连比例，由此可得另形，顺股仍以原股为股，其另形弦必为内容 五等边之一边，试以几何理明之",未知,清
课题库,求志书院,1894,春,算学,"作等句弦和等积之整数两句股形，圆□囊括，有法无解，且未详 大小两数相配之限，致求得之句弦和，或变为股弦和，试推求取此两 数之法，以免其弊",未知,清
课题库,求志书院,1894,春,算学,"凡三次杂方式，依代数术，变空第二项，而其末项亦变为空者，即 可化作正平方式，惟原式之两根和，或两根较，必倍大于其余一根，乃 能变得，试言三根相配之理，以证其说。",未知,清